{"NrExperts_10": 0.9025871634483338, "NrExperts_2": 0.8898762583732605, "NrExperts_3": 0.8902137160301209, "NrExperts_4": 0.8930258631706238, "NrExperts_5": 0.8953880667686462, "NrExperts_6": 0.8907761454582215, "NrExperts_7": 0.9034870505332947, "NrExperts_8": 0.9013498187065124, "NrExperts_9": 0.8982002139091492}