{"NrExperts_10": 0.8598425269126893, "NrExperts_2": 0.8482564806938171, "NrExperts_3": 0.8714285731315613, "NrExperts_4": 0.8906636595726013, "NrExperts_5": 0.883689534664154, "NrExperts_6": 0.8813273310661316, "NrExperts_7": 0.8737907767295837, "NrExperts_8": 0.871091115474701, "NrExperts_9": 0.8610798716545105}