{"NrExperts_10": 0.9054780650138855, "NrExperts_2": 0.8529584002494812, "NrExperts_3": 0.8559055209159852, "NrExperts_4": 0.8638920187950134, "NrExperts_5": 0.8723284602165222, "NrExperts_6": 0.8872890830039978, "NrExperts_7": 0.8848031497001648, "NrExperts_8": 0.8894521899223328, "NrExperts_9": 0.8967154097557068}