{"NrExperts_10": 0.9125871634483338, "NrExperts_2": 0.8998762583732605, "NrExperts_3": 0.902137160301209, "NrExperts_4": 0.9030258631706238, "NrExperts_5": 0.9053880667686462, "NrExperts_6": 0.9007761454582215, "NrExperts_7": 0.9084870505332947, "NrExperts_8": 0.9113498187065124, "NrExperts_9": 0.9082002139091492}