{"NrExperts_10": 0.8319460272789001, "NrExperts_2": 0.8112485885620118, "NrExperts_3": 0.8427446722984314, "NrExperts_4": 0.8598425269126893, "NrExperts_5": 0.8588301539421082, "NrExperts_6": 0.8371203780174256, "NrExperts_7": 0.8530933737754822, "NrExperts_8": 0.8416198134422302, "NrExperts_9": 0.8404949545860291}