{"NrExperts_10": 0.8881889700889587, "NrExperts_2": 0.8839145064353943, "NrExperts_3": 0.887514054775238, "NrExperts_4": 0.8724409461021423, "NrExperts_5": 0.8824521899223328, "NrExperts_6": 0.8770528674125672, "NrExperts_7": 0.8798650145530701, "NrExperts_8": 0.8877390265464783, "NrExperts_9": 0.880764901638031}