{"Participant_1": 0.8715410590171814, "Participant_10": 0.8809898734092713, "Participant_2": 0.8781777262687683, "Participant_3": 0.8820022463798523, "Participant_4": 0.8849268794059754, "Participant_5": 0.8698537707328796, "Participant_6": 0.885489308834076, "Participant_7": 0.8703037142753601, "Participant_8": 0.8832395911216736, "Participant_9": 0.8821147322654724}