{"Participant_1": 0.8583802103996276, "Participant_10": 0.8218222856521606, "Participant_2": 0.8471316218376159, "Participant_3": 0.8609673857688904, "Participant_4": 0.8453318476676941, "Participant_5": 0.8244094491004944, "Participant_6": 0.848031508922577, "Participant_7": 0.8799775004386902, "Participant_8": 0.857817780971527, "Participant_9": 0.7545556783676147}