{"NrExperts_10": 0.874015748500824, "NrExperts_2": 0.8071990847587586, "NrExperts_3": 0.8146231770515442, "NrExperts_4": 0.8314960718154907, "NrExperts_5": 0.8520810008049011, "NrExperts_6": 0.8476940512657165, "NrExperts_7": 0.8520810008049011, "NrExperts_8": 0.853880774974823, "NrExperts_9": 0.8623172163963317}