{"NrExperts_10": 0.8830146193504333, "NrExperts_2": 0.8618672728538513, "NrExperts_3": 0.8733408331871033, "NrExperts_4": 0.8705286860466004, "NrExperts_5": 0.877840268611908, "NrExperts_6": 0.8787401556968689, "NrExperts_7": 0.876940381526947, "NrExperts_8": 0.8812148451805115, "NrExperts_9": 0.885601794719696}