{"NrExperts_10": 0.9088863730430603, "NrExperts_2": 0.9030371069908142, "NrExperts_3": 0.9006749033927918, "NrExperts_4": 0.9030371069908142, "NrExperts_5": 0.9050618529319763, "NrExperts_6": 0.9032620787620544, "NrExperts_7": 0.9098987460136414, "NrExperts_8": 0.9055117964744568, "NrExperts_9": 0.9082114577293396}