{"Participant_1": 0.897075355052948, "Participant_10": 0.9012373328208924, "Participant_2": 0.9055117964744568, "Participant_3": 0.8959504961967468, "Participant_4": 0.9060742259025574, "Participant_5": 0.9043869376182556, "Participant_6": 0.9010123610496521, "Participant_7": 0.8850393652915954, "Participant_8": 0.8926884055137634, "Participant_9": 0.8962879538536072}