{"Participant_1": 0.8661417365074158, "Participant_10": 0.819347596168518, "Participant_2": 0.869291341304779, "Participant_3": 0.8930258631706238, "Participant_4": 0.8649043917655945, "Participant_5": 0.8280090093612671, "Participant_6": 0.8676040530204773, "Participant_7": 0.8876265406608581, "Participant_8": 0.8553430914878846, "Participant_9": 0.7357705354690551}